pos,start,end,conservation
1,1,2,31
2,2,3,24
3,3,4,24
4,4,5,11
5,5,6,20
6,6,7,16
7,7,8,13
8,8,9,17
9,9,10,15
10,10,11,11
11,11,12,20
12,12,13,17
13,13,14,20
14,14,15,20
15,15,16,20
16,16,17,21
17,17,18,20
18,18,19,21
19,19,20,20
20,20,21,21
21,21,22,18
22,22,23,21
23,23,24,20
24,24,25,14
25,25,26,24
26,26,27,21
27,27,28,22
28,28,29,17
29,29,30,19
30,30,31,18
31,31,32,12
32,32,33,20
33,33,34,17
34,34,35,10
35,35,36,10
36,36,37,11
37,37,38,17
38,38,39,7
39,39,40,11
40,40,41,10
41,41,42,15
42,42,43,14
43,43,44,18
44,44,45,12
45,45,46,12
46,46,47,10
47,47,48,8
48,48,49,11
49,49,50,9
50,50,51,7
51,51,52,7
52,52,53,9
53,53,54,12
54,54,55,12
55,55,56,9
56,56,57,11
57,57,58,8
58,58,59,12
59,59,60,8
60,60,61,10
61,61,62,7
62,62,63,6
63,63,64,9
64,64,65,15
65,65,66,10
66,66,67,9
67,67,68,10
68,68,69,9
69,69,70,14
70,70,71,13
71,71,72,9
72,72,73,13
73,73,74,9
74,74,75,9
75,75,76,10
76,76,77,9
77,77,78,12
78,78,79,13
79,79,80,10
80,80,81,12
81,81,82,10
82,82,83,12
83,83,84,8
84,84,85,10
85,85,86,11
86,86,87,10
87,87,88,9
88,88,89,8
89,89,90,8
90,90,91,9
91,91,92,9
92,92,93,11
93,93,94,7
94,94,95,12
95,95,96,9
96,96,97,9
97,97,98,9
98,98,99,8
99,99,100,12
100,100,101,7
101,101,102,7
102,102,103,8
103,103,104,8
104,104,105,6
105,105,106,10
106,106,107,8
107,107,108,7
108,108,109,8
109,109,110,8
110,110,111,7
111,111,112,11
112,112,113,7
113,113,114,7
114,114,115,9
115,115,116,7
116,116,117,9
117,117,118,7
118,118,119,10
119,119,120,10
120,120,121,9
121,121,122,10
122,122,123,11
123,123,124,10
124,124,125,7
125,125,126,8
126,126,127,7
127,127,128,11
128,128,129,8
129,129,130,5
130,130,131,10
131,131,132,7
132,132,133,9
133,133,134,7
134,134,135,7
135,135,136,9
136,136,137,11
137,137,138,11
138,138,139,8
139,139,140,9
140,140,141,7
141,141,142,7
142,142,143,12
143,143,144,9
144,144,145,7
145,145,146,8
146,146,147,7
147,147,148,12
148,148,149,7
149,149,150,8
150,150,151,8
151,151,152,12
152,152,153,8
153,153,154,7
154,154,155,7
155,155,156,7
156,156,157,12
157,157,158,12
158,158,159,9
159,159,160,11
160,160,161,7
161,161,162,7
162,162,163,7
163,163,164,7
164,164,165,7
165,165,166,10
166,166,167,8
167,167,168,9
168,168,169,7
169,169,170,6
170,170,171,8
171,171,172,9
172,172,173,8
173,173,174,8
174,174,175,10
175,175,176,10
176,176,177,8
177,177,178,9
178,178,179,8
179,179,180,8
180,180,181,8
181,181,182,8
182,182,183,6
183,183,184,10
184,184,185,10
185,185,186,8
186,186,187,8
187,187,188,8
188,188,189,11
189,189,190,9
190,190,191,8
191,191,192,9
192,192,193,8
193,193,194,7
194,194,195,12
195,195,196,9
196,196,197,8
197,197,198,8
198,198,199,9
199,199,200,7
200,200,201,7
201,201,202,9
202,202,203,11
203,203,204,7
204,204,205,7
205,205,206,7
206,206,207,5
207,207,208,7
208,208,209,7
209,209,210,6
210,210,211,9
211,211,212,8
212,212,213,7
213,213,214,8
214,214,215,7
215,215,216,12
216,216,217,10
217,217,218,7
218,218,219,10
219,219,220,8
220,220,221,8
221,221,222,12
222,222,223,8
223,223,224,7
224,224,225,10
225,225,226,8
226,226,227,10
227,227,228,8
228,228,229,7
229,229,230,7
230,230,231,7
231,231,232,10
232,232,233,9
233,233,234,7
234,234,235,10
235,235,236,8
236,236,237,7
237,237,238,9
238,238,239,9
239,239,240,8
240,240,241,7
241,241,242,7
242,242,243,8
243,243,244,8
244,244,245,8
245,245,246,8
246,246,247,8
247,247,248,7
248,248,249,12
249,249,250,10
250,250,251,8
251,251,252,8
252,252,253,9
253,253,254,8
254,254,255,8
255,255,256,8
256,256,257,8
257,257,258,11
258,258,259,8
259,259,260,8
260,260,261,7
261,261,262,8
262,262,263,7
263,263,264,7
264,264,265,7
265,265,266,7
266,266,267,7
267,267,268,9
268,268,269,7
269,269,270,8
270,270,271,7
271,271,272,8
272,272,273,10
273,273,274,11
274,274,275,5
275,275,276,10
276,276,277,9
277,277,278,7
278,278,279,8
279,279,280,8
280,280,281,11
281,281,282,7
282,282,283,7
283,283,284,13
284,284,285,9
285,285,286,12
286,286,287,10
287,287,288,10
288,288,289,7
289,289,290,6
290,290,291,7
291,291,292,11
292,292,293,8
293,293,294,7
294,294,295,8
295,295,296,10
296,296,297,7
297,297,298,6
298,298,299,7
299,299,300,7
300,300,301,9
301,301,302,6
302,302,303,6
303,303,304,9
304,304,305,8
305,305,306,11
306,306,307,9
307,307,308,9
308,308,309,9
309,309,310,11
310,310,311,6
311,311,312,6
312,312,313,7
313,313,314,12
314,314,315,7
315,315,316,7
316,316,317,11
317,317,318,6
318,318,319,7
319,319,320,14
320,320,321,11
321,321,322,8
322,322,323,6
323,323,324,13
324,324,325,9
325,325,326,7
326,326,327,11
327,327,328,7
328,328,329,10
329,329,330,8
330,330,331,8
331,331,332,8
332,332,333,8
333,333,334,14
334,334,335,8
335,335,336,13
336,336,337,13
337,337,338,7
338,338,339,7
339,339,340,9
340,340,341,9
341,341,342,7
342,342,343,7
343,343,344,9
344,344,345,9
345,345,346,8
346,346,347,10
347,347,348,9
348,348,349,11
349,349,350,10
350,350,351,8
351,351,352,10
352,352,353,7
353,353,354,11
354,354,355,7
355,355,356,7
356,356,357,7
357,357,358,9
358,358,359,7
359,359,360,6
360,360,361,11
361,361,362,7
362,362,363,8
363,363,364,7
364,364,365,8
365,365,366,8
366,366,367,11
367,367,368,8
368,368,369,8
369,369,370,7
370,370,371,13
371,371,372,11
372,372,373,8
373,373,374,9
374,374,375,7
375,375,376,8
376,376,377,11
377,377,378,7
378,378,379,7
379,379,380,8
380,380,381,6
381,381,382,8
382,382,383,8
383,383,384,7
384,384,385,7
385,385,386,6
386,386,387,7
387,387,388,6
388,388,389,7
389,389,390,7
390,390,391,7
391,391,392,11
392,392,393,7
393,393,394,7
394,394,395,2
395,395,396,2
396,396,397,2