chromosome	start	end	cn	cn1	cn2
1	12080	29813	0	0	0
1	30313	334276	2	2	0
1	334776	647307	5		
1	647807	843754	2	2	0
1	843754	1221671	6	6	0
1	1222116	1230974	1	1	0
1	1231180	1238793	0	0	0
1	1239371	1257484	1	1	0
1	1258538	1269176	0	0	0
1	1269177	1414110	1	1	0
1	1414378	1470110	0	0	0
1	1470484	1553110	1	1	0
1	1553610	1577064	0	0	0
1	1577127	1645212	1	1	0
1	1645461	1654244	0	0	0
1	1655657	2398370	1	1	0
1	2399820	2439441	0	0	0
1	2439941	2543666	1	1	0
1	2544166	2705449	0	0	0
1	2706818	3310476	1	1	0
1	3311687	3328420	0	0	0
1	3328425	3392682	1	1	0
1	3394445	3426735	0	0	0
1	3427360	6281842	1	1	0
1	6281845	6315150	0	0	0
1	6315650	9994956	1	1	0
1	9995458	10044523	0	0	0
1	10044683	12062214	1	1	0
1	12062714	12069820	0	0	0
1	12070320	13423556	2	2	0
1	13424056	13525811	5	5	0
1	13526311	16770219	2	2	0
1	16770719	16809924	0	0	0
1	16810424	17262530	2	2	0
1	17263030	17282087	0	0	0
1	17282359	19593201	2	2	0
1	19593701	19608672	0	0	0
1	19609172	22155713	2	2	0
1	22155835	22167817	0	0	0
1	22167937	24255761	2	2	0
1	24256261	24344692	6	6	0
1	24344692	25569201	2	2	0
1	25570014	25571003	3	3	0
1	25571618	25678249	0	0	0
1	25679311	25683363	0	0	0
1	25683863	33496592	2	2	0
1	33497092	33567572	0	0	0
1	33568072	36391774	2	2	0
1	36391774	36439162	4	4	0
1	36439662	39768715	2	2	0
1	39769215	39788469	5	5	0
1	39788543	40222350	2	2	0
1	40222850	40236965	0	0	0
1	40237465	61489726	2	2	0
1	61489726	61629984	5	5	0
1	61629984	70740581	2	2	0
1	70742414	70766603	4	4	0
1	70767103	75034397	2	2	0
1	75034398	75065626	4	4	0
1	75072301	79119988	2	2	0
1	79120728	79261305	4	4	0
1	79261305	82302790	2	2	0
1	82303290	82432283	3	3	0
1	82433704	85870150	2	2	0
1	85870650	86043929	4	4	0
1	86046538	87012933	2	2	0
1	87013433	87043079	3	2	1
1	87043579	87736099	3	3	0
1	87736099	87811491	4	4	0
1	87811495	92177320	2	2	0
1	92177820	92251198	5	5	0
1	92251698	94650625	2	2	0
1	94650871	94685923	4	4	0
1	94686423	99999209	2	2	0
1	99999209	100175793	5	5	0
1	100176293	103831593	2	2	0
1	103832093	104068619	4		
1	104068625	105886482	1	1	0
1	105886482	106032206	0	0	0
1	106032206	108805666	2	2	0
1	108805666	108921551	0	0	0
1	108922088	110223831	2	2	0
1	110224331	110255322	7	5	2
1	110256141	118045511	2	2	0
1	118045514	118068346	4	2	2
1	118068348	119456134	2	2	0
1	119456634	119575141	4	4	0
1	119575145	120144353	3	2	1
1	120144353	120232944	4	4	0
1	120232944	121484934	3	3	0
1	142535934	142690859	0	0	0
1	142691359	142930063	3	3	0
1	142930063	143505005	4	4	0
1	143505005	144147096	2	2	0
1	144148714	144166983	4		
1	144167445	144174066	3		
1	144174662	144186734	5		
1	144186751	144194726	3	3	0
1	144195314	144208967	5		
1	144208984	145013329	3	3	0
1	145013829	145074269	4	4	0
1	145074769	145333960	2	2	0
1	145334481	145344984	4		
1	145345595	145934513	2	2	0
1	145935933	146229553	4	4	0
1	146230159	146320441	2	2	0
1	146320941	146422525	5	5	0
1	146423194	146458049	12		
1	146459529	146491156	7	7	0
1	146491656	146631318	2	2	0
1	146633161	146658020	5	4	1
1	146658021	147481114	3	3	0
1	147481614	147591080	4		
1	147592729	147842382	3	3	0
1	147842382	148202546	5	5	0
1	148203046	148279383	3	3	0
1	148279414	148289511	5		
1	148290031	148319582	3		
1	148319599	148337587	4		
1	148338340	150668895	2	2	0
1	150669395	150681495	4	4	0
1	150684868	152216486	2	2	0
1	152216486	152328619	0	0	0
1	152328707	152425511	2	2	0
1	152425511	152487101	2	1	1
1	152487735	152505208	3	2	1
1	152505208	152538322	0	0	0
1	152538339	152648028	0	0	0
1	152648528	152658856	1	1	0
1	152659356	152659889	0	0	0
1	152660389	152671513	1	1	0
1	152671665	152682022	3	3	0
1	152682522	152692987	3	3	0
1	152693487	152711707	1	1	0
1	152711707	152730592	1		
1	152731921	152798044	0	0	0
1	152798544	152799924	1		
1	152799995	152800658	0	0	0
1	152801158	152880412	1	1	0
1	152880912	158621383	2	2	0
1	158622249	158627522	0	0	0
1	158631014	168913560	2	2	0
1	168913560	169099370	4	4	0
1	169100468	169523925	3	3	0
1	169524425	169563033	4	4	0
1	169563864	171671515	3	3	0
1	171672284	171688403	5	5	0
1	171688903	172526636	3	3	0
1	172526777	172580682	4	4	0
1	172580684	185071787	2	2	0
1	185072287	185125643	4	4	0
1	185125730	186014991	3	3	0
1	186015491	186045804	4	4	0
1	186047182	186283234	2	2	0
1	186286542	186332587	4	4	0
1	186333087	188957032	2	2	0
1	188957032	189120689	0	0	0
1	189120689	189684396	1	1	0
1	189684396	189920789	0	0	0
1	189920789	193051849	2	1	1
1	193053718	193066871	5	5	0
1	193067371	196697694	2	2	0
1	196705970	196838450	6	6	0
1	196838450	197026092	1	1	0
1	197026099	197065306	5	5	0
1	197069571	202555407	2	2	0
1	202555412	202562771	4	4	0
1	202562776	203319642	3	3	0
1	203320142	203460065	4	4	0
1	203460565	207713379	2	2	0
1	207713879	207726225	0	0	0
1	207726725	209941294	3	3	0
1	209941794	209959839	4	3	1
1	209960208	228158243	2	2	0
1	228158743	228210633	0	0	0
1	228211133	228444693	1	1	0
1	228445193	228463588	0	0	0
1	228463593	228474011	1	1	0
1	228474425	228487177	0	0	0
1	228487593	228492910	0	0	0
1	228493000	228525856	0	0	0
1	228525947	241779214	2	2	0
1	241779215	241803504	4	3	1
1	241804210	243481422	2	2	0
1	243481922	243560544	5		
1	243560544	245007756	2	2	0
1	245008082	245023772	5	4	1
1	245025739	248202025	1	1	0
1	248202080	248384830	0	0	0
1	248384830	249240121	2	2	0
2	10500	432829	2	2	0
2	432829	612848	0	0	0
2	612848	20109502	2	2	0
2	20110002	20137739	4	4	0
2	20137950	28561772	2	2	0
2	28562272	28638709	4	4	0
2	28638709	37478343	2	2	0
2	37478348	37501817	4	4	0
2	37502901	39558326	2	2	0
2	39558826	39605351	4	4	0
2	39606761	51749924	2	2	0
2	51749924	52040202	0	0	0
2	52040202	58366969	2	2	0
2	58373419	58407125	4	2	2
2	58407125	68401869	2	2	0
2	68401930	68443651	5	5	0
2	68444151	86668130	2	2	0
2	86668225	86694022	5	5	0
2	86694522	87131073	2	2	0
2	87131573	87169467	4	4	0
2	87169967	92308629	2	2	0
2	95326671	97817727	2	2	0
2	97818179	97833486	0	0	0
2	97833986	97858682	0	0	0
2	97860481	97870038	7	7	0
2	97871727	97877518	3	3	0
2	97879119	97928152	5	5	0
2	97928210	98111203	2	2	0
2	98111261	98195452	0	0	0
2	98196901	98418507	1	1	0
2	98418857	98449311	5	4	1
2	98451131	102351944	2	2	0
2	102351944	102484656	4	4	0
2	102486009	120691844	2	2	0
2	120692344	120734731	0	0	0
2	120734750	130951946	2	2	0
2	130951996	130986875	0	0	0
2	130987375	144764237	2	2	0
2	144764737	144969199	4	4	0
2	144969699	145254688	2	2	0
2	145255188	145565437	5	5	0
2	145565437	148601531	2	2	0
2	148602241	148683749	4	3	1
2	148684647	150425611	3	3	0
2	150426557	150518082	5	5	0
2	150518082	151710756	3	3	0
2	151710756	151900319	5	5	0
2	151900819	152439092	2	2	0
2	152440031	152456484	4	4	0
2	152456984	152551074	2	2	0
2	152552017	152579293	0	0	0
2	152579793	152612670	3	3	0
2	152612670	152684709	4	4	0
2	152685521	158630090	2	2	0
2	158630590	158792449	4	4	0
2	158792449	160619604	2	2	0
2	160621092	160660099	4	4	0
2	160661039	162895695	3	3	0
2	162896195	162948407	4	4	0
2	162948407	163144920	3	3	0
2	163150010	163216155	4	3	1
2	163217575	165764622	2	2	0
2	165765122	165868675	4	4	0
2	165868675	166785046	3	3	0
2	166785546	166789634	6	6	0
2	166790134	167210730	3	3	0
2	167210730	167289276	4	4	0
2	167292939	168099389	2	2	0
2	168099393	168134915	4	3	1
2	168134915	175851884	2	2	0
2	175851884	175961629	5	4	1
2	175962129	179337205	2	2	0
2	179337705	179360437	4		
2	179360937	180846752	3	3	0
2	180851393	181016341	4		
2	181016341	186655770	2	2	0
2	186655770	186680289	5	5	0
2	186680789	193789395	2	2	0
2	193789395	194026129	0	0	0
2	194026129	197521941	2	2	0
2	197523507	197539157	5	5	0
2	197540821	197649695	3	2	1
2	197650146	197737476	4	4	0
2	197738250	201756775	2	2	0
2	201756780	201764277	0	0	0
2	201764777	201790690	3	3	0
2	201791431	201796238	5		
2	201796738	210678516	2	2	0
2	210678519	210696426	5	5	0
2	210698686	217537424	2	2	0
2	217537429	217578875	4	4	0
2	217578875	230630572	2	2	0
2	230630574	230659331	4	4	0
2	230659831	233321905	2	2	0
2	233321977	233344020	0	0	0
2	233344520	234448729	1	1	0
2	234449229	234467884	4	4	0
2	234468384	239005541	1	1	0
2	239006590	239055962	0	0	0
2	239056462	239247102	1	1	0
2	239247602	239264139	0	0	0
2	239264639	241705417	1	1	0
2	241706233	241722573	0	0	0
2	241723151	241834204	1	1	0
2	241834704	241874623	0	0	0
2	241874910	241902529	1	1	0
2	241903029	241928284	0	0	0
2	241928971	241980771	1	1	0
2	241981271	241992943	0	0	0
2	241993443	242737954	1	1	0
2	242738454	242791498	0	0	0
2	242791998	243087698	1	1	0
2	243087698	243188873	5	5	0
3	60500	14638381	2	2	0
3	14638381	14702424	5		
3	14702924	15777119	2	2	0
3	15778493	15855878	5	5	0
3	15856378	17444123	3	3	0
3	17446142	17588660	4		
3	17588660	30819798	2	2	0
3	30820298	30903276	4	4	0
3	30903776	38537188	2	2	0
3	38537812	38547817	5	5	0
3	38548317	39448445	2	2	0
3	39448447	39452635	0	0	0
3	39452640	44835165	2	2	0
3	44835665	44867028	0	0	0
3	44867528	47456751	2	2	0
3	47456760	47464108	0	0	0
3	47465414	50307697	1	1	0
3	50307745	50323895	0	0	0
3	50323912	64598399	2	2	0
3	64598899	64633645	4	4	0
3	64633646	71630151	2	2	0
3	71630776	71733223	5	5	0
3	71733226	75758769	2	2	0
3	75758769	75832573	0	0	0
3	75833073	86995702	2	2	0
3	86995703	87060471	5	3	2
3	87060471	90357617	2	2	0
3	90357617	90504354	0	0	0
3	93505354	97608522	2	2	0
3	97611720	97663740	4	3	1
3	97663745	100585949	3	3	0
3	100586449	100645371	4	4	0
3	100645871	105389254	2	2	0
3	105389754	105452311	4	4	0
3	105452811	107764124	3	3	0
3	107764129	107808998	4	4	0
3	107810410	108955163	3	3	0
3	108955163	109028019	0	0	0
3	109028109	111065727	2	2	0
3	111065727	111264278	5	5	0
3	111264778	112720791	3	3	0
3	112721308	112872647	4	4	0
3	112872647	113212235	3	3	0
3	113212839	113232879	5	5	0
3	113233379	113438567	3	3	0
3	113438690	113457779	4	2	2
3	113458279	113729082	3	3	0
3	113729582	113771919	0	0	0
3	113772419	122661612	2	2	0
3	122662112	122729052	5	5	0
3	122729052	124157194	3	3	0
3	124157694	124215408	4	4	0
3	124215908	130159466	2	2	0
3	130159467	130222801	5	5	0
3	130222801	130659634	3	3	0
3	130660399	130699543	4	4	0
3	130700043	138219426	2	2	0
3	138219542	138310153	0	0	0
3	138310653	138722261	2	2	0
3	138722886	138783726	0	0	0
3	138783726	142204193	2	2	0
3	142204693	142254113	0	0	0
3	142254887	142747511	2	2	0
3	142748011	142770127	5	5	0
3	142770627	145842068	3	3	0
3	145842568	145924365	3	3	0
3	145924370	146232416	3	3	0
3	146234805	146306890	5	3	2
3	146307390	148897485	2	2	0
3	148899878	148925417	4	4	0
3	148926976	149658419	2	2	0
3	149658419	149700309	5	5	0
3	149700444	162437556	2	2	0
3	162437556	162691501	0	0	0
3	162691501	164741594	2	1	1
3	164748495	164777818	4	4	0
3	164780110	167370511	2	2	0
3	167371011	167413568	5	5	0
3	167414732	176739198	2	2	0
3	176739521	176763347	4	4	0
3	176763847	191098784	2	2	0
3	191100525	191107393	5	5	0
3	191107893	195310244	2	2	0
3	195310744	195399615	5	5	0
3	195400724	197961930	1	1	0
4	10500	68213	0	0	0
4	68258	567831	1	1	0
4	567831	656113	0	0	0
4	656279	890445	0	0	0
4	891837	1019957	0	0	0
4	1019961	1369067	1	1	0
4	1369107	1496638	0	0	0
4	1496638	1794476	1	1	0
4	1796301	1810631	0	0	0
4	1811131	2087501	1	1	0
4	2088001	2179166	0	0	0
4	2179666	3424770	1	1	0
4	3425161	3447980	0	0	0
4	3449224	3491603	1	1	0
4	3492103	3517927	0	0	0
4	3518427	4285600	1	1	0
4	4288139	4323505	0	0	0
4	4324005	8476925	1	1	0
4	8477425	8603252	0	0	0
4	8603752	9086657	1	1	0
4	9086657	9162002	2	2	0
4	9212350	9370840	0	0	0
4	9371340	9386288	3	3	0
4	9387090	16187541	2	2	0
4	16188041	16204228	4		
4	16204728	24529695	2	2	0
4	24531226	24556556	5	3	2
4	24557889	36109333	2	2	0
4	36109833	36179651	5	3	2
4	36180151	46257678	2	2	0
4	46258178	46371050	4	4	0
4	46371550	49659617	2	2	0
4	52676638	64412584	2	2	0
4	64412584	64758313	0	0	0
4	64758313	66213276	2	2	0
4	66213776	66242868	4	4	0
4	66243368	66431753	1	1	0
4	66431753	66535417	0	0	0
4	66535446	69426297	2	2	0
4	69431261	69511822	0	0	0
4	69512851	70145686	3	3	0
4	70146186	70267651	5	5	0
4	70267704	70573912	2	2	0
4	70573912	70666699	4	3	1
4	70666699	71167126	3	3	0
4	71167126	71248974	4	4	0
4	71250192	73070828	2	2	0
4	73070828	73175331	5	5	0
4	73176741	74965057	2	2	0
4	74965557	75127287	4	4	0
4	75127287	76708406	2	2	0
4	76708906	76720932	4	2	2
4	76721459	79321354	2	2	0
4	79321854	79345659	4	4	0
4	79346159	79417413	3	3	0
4	79417913	79447086	4	3	1
4	79447586	81117779	2	2	0
4	81118101	81206964	4	4	0
4	81207464	100491979	2	2	0
4	100495804	100529462	5	5	0
4	100529962	100803073	3	3	0
4	100803181	100818725	5	5	0
4	100818833	101961778	3	3	0
4	101962278	102092439	5		
4	102092939	103729549	3	3	0
4	103730049	103822433	4	4	0
4	103822933	107115975	2	2	0
4	107116475	107172353	4	4	0
4	107173029	114260505	2	2	0
4	114261005	114290810	4	4	0
4	114290815	120221864	2	2	0
4	120221888	120243568	4	4	0
4	120244068	120382981	2	2	0
4	120383481	120480912	4	4	0
4	120481412	122774279	3	3	0
4	122774779	122820178	4	4	0
4	122820678	123072959	2	2	0
4	123075122	123128444	4	3	1
4	123128692	123235008	3	3	0
4	123236608	123259898	4	4	0
4	123260398	128958540	2	2	0
4	128960079	129011508	0	0	0
4	129012008	134423463	2	2	0
4	134423463	134678972	0	0	0
4	134678972	146033701	2	2	0
4	146040958	146056271	4	4	0
4	146058394	153245582	2	2	0
4	153247155	153259088	5	4	1
4	153259588	161356981	2	2	0
4	161356981	161739646	0	0	0
4	161739646	165267904	2	2	0
4	165267904	165433745	0	0	0
4	165433745	168648588	1	1	0
4	168648588	169048914	0	0	0
4	169049161	169776097	3	3	0
4	169776097	169817162	6	6	0
4	169817662	174242843	2	2	0
4	174242878	174311068	5	5	0
4	174312263	185598880	2	2	0
4	185599380	185616620	0	0	0
4	185618736	187070282	2	2	0
4	187070293	187078838	0	0	0
4	187079074	190981540	1	1	0
4	190982040	191043776	0	0	0
5	10500	633336	1	1	0
5	633836	647352	0	0	0
5	647852	678082	0	0	0
5	678582	756279	0	0	0
5	756779	769055	2	2	0
5	769555	847125	6	6	0
5	847625	1036561	1	1	0
5	1036771	1078195	0	0	0
5	1078753	1208984	0	0	0
5	1209484	1223258	0	0	0
5	1223261	1243865	0	0	0
5	1244365	1320225	0	0	0
5	1320725	1344578	0	0	0
5	1344789	1410921	0	0	0
5	1411306	1877046	1	1	0
5	1877546	1960865	0	0	0
5	1960865	6741968	1	1	0
5	6742468	6809925	0	0	0
5	6809925	16465331	2	2	0
5	16465336	16481274	5	5	0
5	16483432	18326839	2	2	0
5	18326839	18490526	0	0	0
5	18490526	21462083	2	2	0
5	21462583	21497343	0	0	0
5	21497843	34180973	2	2	0
5	34182078	34286548	0	0	0
5	34286548	36067098	2	2	0
5	36067598	36136647	5	5	0
5	36137390	36248054	3	3	0
5	36251428	36257211	4	4	0
5	36257559	36985577	3	3	0
5	36985577	37008232	4	2	2
5	37008728	38475687	2	2	0
5	38475688	38490427	4	4	0
5	38490927	39107599	3	3	0
5	39110391	39130790	3	3	0
5	39131290	45896592	2	2	0
5	45896592	46405141	0	0	0
5	49406141	56183391	2	2	0
5	56184057	56219956	5	5	0
5	56221130	68565167	2	2	0
5	68565667	68580604	0	0	0
5	68581104	68903004	1	1	0
5	68903504	68950098	5	5	0
5	68950099	69327515	2	2	0
5	69328015	69400383	0	0	0
5	69400883	69499124	1	1	0
5	69499624	69718067	4	4	0
5	69718587	70236652	3	3	0
5	70237152	70271369	0	0	0
5	70271869	75948848	2	2	0
5	75949934	75979092	4	4	0
5	75979535	79817994	2	2	0
5	79818494	79886041	0	0	0
5	79886041	80423037	2	2	0
5	80423537	80512936	0	0	0
5	80513096	84556641	2	2	0
5	84556641	84811995	0	0	0
5	84811995	85249744	0	0	0
5	85249744	85432140	0	0	0
5	85432140	86688390	2	2	0
5	86689247	86708898	5		
5	86709398	90000317	2	2	0
5	90001144	90023932	4	4	0
5	90024432	94024412	2	2	0
5	94025085	94093148	4	4	0
5	94093148	94858049	2	2	0
5	94858848	94864966	5		
5	94865760	95725603	2	2	0
5	95726103	95746638	4	4	0
5	95747946	96086496	3	3	0
5	96086996	96116292	4	4	0
5	96116693	98208292	2	2	0
5	98209294	98233063	5	5	0
5	98233961	99715844	1	1	0
5	99716965	99852815	0	0	0
5	99852815	109778759	2	2	0
5	109778759	109960419	4		
5	109960919	111004385	3	3	0
5	111004885	111093898	5	5	0
5	111094398	130824655	2	2	0
5	130825155	130883893	5	5	0
5	130884393	140167697	2	2	0
5	140167749	140222103	0	0	0
5	140222133	140237841	0	0	0
5	140237880	140263947	0	0	0
5	140264170	140567791	1	1	0
5	140567796	140589698	0	0	0
5	140589740	140719899	0	0	0
5	140719904	140784952	0	0	0
5	140787812	140803076	1	1	0
5	140803136	140812370	0	0	0
5	140812476	146771057	3	3	0
5	146771062	146793186	4	2	2
5	146793190	153381274	2	2	0
5	153381774	153428600	0	0	0
5	153429100	175311038	2	2	0
5	175311538	175391425	4	4	0
5	175391925	175477076	3	3	0
5	175477576	175517458	0	0	0
5	175517958	177156073	1	1	0
5	177156358	177309856	0	0	0
5	177310606	178896200	1	1	0
5	178896200	178995820	0	0	0
5	178996320	179545892	1	1	0
5	179546323	179583253	0	0	0
5	179583253	180047383	1	1	0
5	180047530	180057350	0	0	0
5	180057540	180337696	2	2	0
5	180338196	180432411	0	0	0
5	180432435	180760891	2	2	0
5	180761391	180904760	5		
6	60500	169900	6		
6	169900	10393871	2	2	0
6	10396921	10410337	5	5	0
6	10410340	10726358	2	2	0
6	10726858	10762454	0	0	0
6	10762954	12129329	2	2	0
6	12129829	12164612	3		
6	12164617	27776441	2	2	0
6	27777720	27792295	0	0	0
6	27792795	30978561	2	2	0
6	30979061	30997903	0	0	0
6	30999871	32013209	2	2	0
6	32013804	32030357	0	0	0
6	32030857	33239715	2	2	0
6	33239716	33243574	0	0	0
6	33243579	33383879	2	2	0
6	33383894	33403404	4	4	0
6	33403904	33410289	3	3	0
6	33410635	33422582	5	5	0
6	33422691	36765258	2	2	0
6	36765758	36807596	4	4	0
6	36808282	42626048	2	2	0
6	42626372	42647572	0	0	0
6	42648072	45344991	2	2	0
6	45345491	45460008	5	5	0
6	45460508	49403381	2	2	0
6	49403881	49430934	5	4	1
6	49431012	51909907	2	2	0
6	51910734	51930868	4	4	0
6	51931368	54565203	3	3	0
6	54565203	54754194	3		
6	54754194	56371615	3	3	0
6	56373368	56474191	4	4	0
6	56475160	56493029	3		
6	56494013	56504564	4		
6	56504746	58761464	2	2	0
6	61898339	70313894	2	2	0
6	70313894	70608302	4	3	1
6	70608802	74071822	2	2	0
6	74072322	74104348	0	0	0
6	74104353	75866244	2	2	0
6	75866744	75887595	4		
6	75890605	79663962	2	2	0
6	79664462	79769634	5	4	1
6	79770134	80201458	3	3	0
6	80202260	80406371	4	4	0
6	80409201	82891808	2	2	0
6	82892308	82919951	5	4	1
6	82920451	86324744	3	3	0
6	86324811	86347006	3	3	0
6	86347506	94532522	2	2	0
6	94532522	94660658	0	0	0
6	94660658	97634579	2	2	0
6	97635079	97701845	4	4	0
6	97702345	99958123	2	2	0
6	99958623	99996806	5	4	1
6	99997306	111713571	2	2	0
6	111714071	111792788	4	3	1
6	111793983	112389586	2	2	0
6	112390516	112407043	4	4	0
6	112407654	116429684	2	2	0
6	116431780	116466723	4	2	2
6	116467223	117630093	3	3	0
6	117631219	117661830	0	0	0
6	117662330	119280434	3	3	0
6	119280934	119324848	4	3	1
6	119326404	122701870	2	2	0
6	122701870	122743497	5	5	0
6	122743787	125957080	2	2	0
6	125957080	126073388	5	3	2
6	126075588	127837948	3	3	0
6	127839643	128076061	4	4	0
6	128076061	129901371	3	3	0
6	129901871	129936815	4	4	0
6	129937315	135715198	2	2	0
6	135715698	135774607	5	4	1
6	135776853	136566087	2	2	0
6	136566587	136582641	4	4	0
6	136583141	139135730	2	2	0
6	139136230	139169891	0	0	0
6	139170391	142718867	2	2	0
6	142719367	142741122	4	4	0
6	142741124	147067238	2	2	0
6	147067738	147091779	5	4	1
6	147092279	155147732	2	2	0
6	155148232	155182116	5	5	0
6	155182616	160488705	2	2	0
6	160489205	160494942	0	0	0
6	160495442	169631641	1	1	0
6	169632141	169648827	0	0	0
6	169648832	170989469	1	1	0
6	170989469	171055067	5	5	0
7	10500	883400	1	1	0
7	883405	896118	0	0	0
7	897414	925855	1	1	0
7	926084	943986	0	0	0
7	944656	1013010	1	1	0
7	1013510	1049808	0	0	0
7	1050308	1475892	1	1	0
7	1476392	1526732	0	0	0
7	1526874	2402462	1	1	0
7	2402679	2414355	0	0	0
7	2414791	2685532	1	1	0
7	2686284	2748852	0	0	0
7	2749318	4823453	1	1	0
7	4823809	4856279	0	0	0
7	4856734	6776178	1	1	0
7	6776678	6803734	0	0	0
7	6804234	6815420	1	1	0
7	6815920	6851800	0	0	0
7	6852524	12410166	2	2	0
7	12410341	12433450	4	4	0
7	12433950	13784985	2	2	0
7	13784985	13945547	4	4	0
7	13946047	22169990	2	2	0
7	22170490	22190190	4	4	0
7	22190690	26226790	2	2	0
7	26229524	26237095	4	4	0
7	26237225	27141055	3	3	0
7	27141063	27165999	4	4	0
7	27166499	27759638	2	2	0
7	27759638	27831846	5	4	1
7	27832635	31829996	2	2	0
7	31830496	31887035	4	4	0
7	31887535	32090594	3	3	0
7	32091094	32208804	5	4	1
7	32209304	38289255	2	2	0
7	38292927	38339717	6	6	0
7	38340217	38388217	3	2	1
7	38388717	38407330	0	0	0
7	38407489	44839180	2	2	0
7	44839390	44869552	0	0	0
7	44869592	50097953	1	1	0
7	50098453	50156298	4	3	1
7	50156798	56842592	1	1	0
7	56842592	56954326	0	0	0
7	56954326	57838343	1	1	0
7	57838343	58053831	0	0	0
7	61054831	61420384	1		
7	61440174	62184357	0	0	0
7	62184357	72480055	2	2	0
7	72480555	72588945	6	6	0
7	72589445	72693986	1	1	0
7	72694486	72712358	0	0	0
7	72712858	74199032	1	1	0
7	74199532	74220765	0	0	0
7	74221265	74539082	2	2	0
7	74539149	74563795	0	0	0
7	74563907	74674611	1	1	0
7	74674611	74714056	5	5	0
7	74714556	74845777	3	3	0
7	74845777	74982676	6	6	0
7	74982739	76164864	1	1	0
7	76165364	76219604	5	5	0
7	76219604	76643648	2	2	0
7	76645077	76659888	4		
7	76660388	82508097	2	2	0
7	82508597	82562473	0	0	0
7	82562473	84644575	2	2	0
7	84649453	84685411	4	3	1
7	84685911	88099288	2	2	0
7	88099288	88225677	6	6	0
7	88225677	89884213	10	10	0
7	89884713	89903484	4	3	1
7	89903984	92442797	2	2	0
7	92442797	92672200	4		
7	92672200	92826924	3	2	1
7	92827424	92881402	0	0	0
7	92881902	94941050	3	3	0
7	94941550	94992156	4	4	0
7	94993141	97933029	2	2	0
7	97933529	97983824	0	0	0
7	97984324	98931127	1	1	0
7	98931627	98951810	0	0	0
7	98952310	99769092	1	1	0
7	99769510	99775361	5	5	0
7	99775363	100304947	1	1	0
7	100304957	100345275	0	0	0
7	100345597	100675127	1	1	0
7	100675128	100693983	0	0	0
7	100694843	102120973	1	1	0
7	102121473	102256498	6	6	0
7	102257686	102286051	9	9	0
7	102286551	102328775	6	6	0
7	102330743	103180937	2	2	0
7	103181437	103207081	4	4	0
7	103207084	104742527	2	2	0
7	104742530	104758635	4	4	0
7	104759135	107207725	2	2	0
7	107208135	107233865	4	4	0
7	107234365	121000241	2	2	0
7	121000741	121019154	5		
7	121023019	121567657	3	3	0
7	121568827	121638138	4	4	0
7	121638638	122076486	2	2	0
7	122078333	122174022	4		
7	122174022	123136962	2	2	0
7	123137462	123178594	5	4	1
7	123178726	135069549	2	2	0
7	135070914	135106358	4	4	0
7	135106858	137607699	2	2	0
7	137608199	137686819	5	5	0
7	137687319	140499678	2	2	0
7	140500178	140549415	5	5	0
7	140549915	141428036	3	3	0
7	141429302	141463327	0	0	0
7	141463827	141720880	2	2	0
7	141721325	141731598	4	4	0
7	141732557	141761875	2	2	0
7	141762375	141774035	0	0	0
7	141775871	141786030	0	0	0
7	141786488	141795610	0	0	0
7	141796034	142458626	2	2	0
7	142458789	142495462	5	5	0
7	142495962	143956788	2	2	0
7	143957288	144077745	5	5	0
7	144078245	150724897	1	1	0
7	150725397	150736761	0	0	0
7	150737261	150939172	2	2	0
7	150939187	151017132	5	4	1
7	151017132	156747092	1	1	0
7	156747592	156761976	0	0	0
7	156762159	157179054	1	1	0
7	157179554	157333514	0	0	0
7	157334014	157819495	1	1	0
7	157819495	157960036	0	0	0
7	157960536	159128163	1	1	0
8	10500	163735	6	5	1
8	164235	7104783	1	1	0
8	7105283	7119494	0	0	0
8	7121953	7144319	0	0	0
8	7144819	7195004	0	0	0
8	7195007	7285940	0	0	0
8	7286440	7409678	0	0	0
8	7412867	7442252	0	0	0
8	7442752	7574413	0	0	0
8	7574979	7637079	0	0	0
8	7637213	8041778	0	0	0
8	8042278	11947035	2	2	0
8	11947035	11990972	8	8	0
8	11991126	12003959	3	3	0
8	12004459	12214676	0	0	0
8	12215179	12272090	0	0	0
8	12272590	12465531	0	0	0
8	12466031	17830207	2	2	0
8	17830707	17871556	5	5	0
8	17872083	25287586	2	2	0
8	25288086	25315994	0	0	0
8	25316494	29025149	2	2	0
8	29025649	29048579	0	0	0
8	29049079	30601907	2	2	0
8	30602407	30643972	0	0	0
8	30644472	30694564	2	2	0
8	30694566	30702175	3	3	0
8	30702175	39198983	2	2	0
8	39198983	39462555	7	7	0
8	39463783	41521702	2	2	0
8	41522349	41548195	0	0	0
8	41548208	42883310	2	2	0
8	42883470	42924727	0	0	0
8	42925227	43838387	1	1	0
8	46839387	47021956	0	0	0
8	47021956	48882580	2	2	0
8	48883066	48972593	0	0	0
8	48973093	62550636	2	2	0
8	62550834	62574549	5	3	2
8	62577280	65470533	2	2	0
8	65470533	65517440	5		
8	65517451	67998396	2	2	0
8	67998986	68062157	0	0	0
8	68062657	81397285	2	2	0
8	81397785	81433225	5		
8	81434165	81897246	3	3	0
8	81897250	81962304	4	4	0
8	81962304	90926982	2	2	0
8	90927482	90949440	4	4	0
8	90949940	91969873	2	2	0
8	91970642	92114878	4	4	0
8	92114883	108150907	2	2	0
8	108150907	108315586	4	4	0
8	108316086	109215821	1	1	0
8	109216321	109247513	4	4	0
8	109248393	113599471	2	2	0
8	113599971	113694130	4	4	0
8	113694630	116630830	2	2	0
8	116631330	116753752	5	5	0
8	116753752	121384258	2	2	0
8	121384758	121457931	4	4	0
8	121458670	124792728	2	2	0
8	124792733	124811986	5	5	0
8	124812721	133824145	2	2	0
8	133824147	133856568	4	3	1
8	133857859	135073311	3	3	0
8	135073311	135254278	5	5	0
8	135254278	143605695	1	1	0
8	143606195	143626394	0	0	0
8	143626894	144457234	1	1	0
8	144457734	144465866	0	0	0
8	144465869	144589407	1	1	0
8	144589907	144636591	0	0	0
8	144636782	144653265	1	1	0
8	144653819	144675094	0	0	0
8	144675594	144774507	1	1	0
8	144775803	144801648	0	0	0
8	144802384	144825208	1	1	0
8	144826566	144889290	0	0	0
8	144889670	144941406	1	1	0
8	144941407	145013798	0	0	0
8	145014298	145309186	1	1	0
8	145309686	145331286	0	0	0
8	145433088	145478239	0	0	0
8	145478739	145500398	0	0	0
8	145500898	145545109	0	0	0
8	145545609	145616122	0	0	0
8	145616123	145639817	1	1	0
8	145640042	145677354	0	0	0
8	145677357	145715596	0	0	0
8	145716096	145734663	0	0	0
8	145734974	145762566	1	1	0
8	145763066	145868415	0	0	0
8	145868415	146303522	1	1	0
9	10500	2811509	2	2	0
9	2811514	2837398	5	4	1
9	2838368	13186487	2	2	0
9	13188761	13250396	4	4	0
9	13250896	14149586	3	3	0
9	14150086	14179797	5		
9	14180596	35106566	2	2	0
9	35106571	35147772	5	5	0
9	35147778	39216142	2	2	0
9	39216142	39447037	5	5	0
9	39447070	39788146	3		
9	39788146	39923385	5	3	2
9	39923385	41324029	2	2	0
9	41324029	41539166	4		
9	41539166	42074838	3	3	0
9	42074838	42448385	0	0	0
9	42448385	42869335	0	0	0
9	42869835	43133453	0	0	0
9	43133953	43553604	1	1	0
9	43553604	43648835	0	0	0
9	43648835	43758775	5		
9	43758775	43849843	4	4	0
9	43850343	43891654	3	3	0
9	43892154	44060395	5	5	0
9	44060895	44172998	1	1	0
9	44172998	44345680	0	0	0
9	44346180	46390885	1	1	0
9	46391385	46843811	0	0	0
9	46843984	47264368	1	1	0
9	47264368	47314258	0	0	0
9	65468179	66498687	2	2	0
9	66499187	66554683	0	0	0
9	66555183	68209240	1	1	0
9	68209240	68371434	0	0	0
9	68371934	69199846	3	3	0
9	69200346	69243713	5	5	0
9	69245028	74354490	2	2	0
9	74354990	74480491	0	0	0
9	74480794	84531254	2	2	0
9	84532088	84583370	7	7	0
9	84583370	89466788	2	2	0
9	89466788	89656229	5	5	0
9	89656729	99693549	1	1	0
9	99694049	99699681	0	0	0
9	99700089	100456104	2	2	0
9	100460211	100615002	2	2	0
9	100616357	106837788	2	2	0
9	106837788	106874103	5	4	1
9	106875508	111705186	2	2	0
9	111705188	111782788	5	5	0
9	111783288	116022834	2	2	0
9	116023030	116034915	0	0	0
9	116035675	130241386	2	2	0
9	130241496	130258137	0	0	0
9	130258147	131900294	1	1	0
9	131900296	131958870	5	5	0
9	131958870	138375433	1	1	0
9	138375752	138387267	0	0	0
9	138387279	138416683	0	0	0
9	138416992	138456102	0	0	0
9	138457179	138523424	0	0	0
9	138523924	138590347	0	0	0
9	138590665	139232511	0	0	0
9	139232932	139249460	0	0	0
9	139250016	139270996	1	1	0
9	139271962	139285902	0	0	0
9	139286402	139317950	1	1	0
9	139317952	139338374	0	0	0
9	139339472	139350265	0	0	0
9	139350325	139362998	0	0	0
9	139363498	139390777	0	0	0
9	139390778	139414075	0	0	0
9	139414575	139515606	1	1	0
9	139515606	139635420	0	0	0
9	139635662	139751557	1	1	0
9	139751557	139754560	0	0	0
9	139754954	139913812	1	1	0
9	139914748	139935626	0	0	0
9	139936126	139994348	1	1	0
9	139995354	140041991	0	0	0
9	140042491	140107067	1	1	0
9	140108215	140137625	0	0	0
9	140137636	140161551	1	1	0
9	140161650	140177138	0	0	0
9	140177638	140320133	1	1	0
9	140320633	140361965	0	0	0
9	140362465	141152931	1	1	0
10	60500	15103863	1	1	0
10	15103882	15138021	0	0	0
10	15138342	15838261	2	2	0
10	15838761	15879647	4		
10	15880160	17851635	2	2	0
10	17852135	17895113	0	0	0
10	17895613	18115958	3	3	0
10	18116458	18240997	5	5	0
10	18242064	20044090	2	2	0
10	20044090	20313305	4	4	0
10	20313305	22580534	2	2	0
10	22580534	22619197	4	4	0
10	22619202	32097713	2	2	0
10	32097950	32128302	4	4	0
10	32128514	34573180	2	2	0
10	34573680	34648270	0	0	0
10	34649021	39086501	2	2	0
10	39086501	39154435	0	0	0
10	42355435	46358269	2	2	0
10	46358769	46405494	5		
10	46405994	46495868	5		
10	46495868	46657320	0	0	0
10	46657820	46828147	3	3	0
10	46828147	46923046	6		
10	46923546	47257304	1	1	0
10	47257304	47566249	0	0	0
10	47566249	47683949	1	1	0
10	47684449	47724546	0	0	0
10	47725046	47761605	1	1	0
10	47762105	47945849	4	4	0
10	47946823	48019464	3		
10	48020432	48190178	4	4	0
10	48190678	48771318	1	1	0
10	48771818	48919256	5	5	0
10	48919756	48983410	3	3	0
10	48983410	49294886	5	5	0
10	49315767	51214588	2	2	0
10	51214629	51373837	5	5	0
10	51374337	51821459	2	2	0
10	51821959	51892657	0	0	0
10	51893155	52441027	1	1	0
10	52441527	52569887	0	0	0
10	52570758	57918556	2	2	0
10	57918556	58117962	0	0	0
10	58117964	60478834	2	2	0
10	60478834	60558343	4	4	0
10	60558801	64945412	2	2	0
10	64945974	64956669	4	4	0
10	64957169	86185566	2	2	0
10	86185570	86259789	4	3	1
10	86260289	90304621	2	2	0
10	90305121	90353953	6	4	2
10	90354406	90768760	3	3	0
10	90770243	90929789	4	4	0
10	90929789	93740356	3	3	0
10	93741349	93751364	5		
10	93751864	94669351	2	2	0
10	94669851	94700602	5	5	0
10	94701102	101923998	2	2	0
10	101924498	101964997	4		
10	101966917	102112430	1	1	0
10	102112930	102120749	0	0	0
10	102121722	111895313	2	2	0
10	111895813	112044060	4	3	1
10	112044560	113746226	2	2	0
10	113746226	113872933	5		
10	113872933	113914830	3	3	0
10	113914830	113937892	0	0	0
10	113940186	114711040	2	2	0
10	114711232	114905972	4	3	1
10	114906472	124339512	2	2	0
10	124340080	124344006	0	0	0
10	124344643	124354152	0	0	0
10	124354730	124378993	0	0	0
10	124379617	134179009	1	1	0
10	134180300	134230635	0	0	0
10	134230656	134647007	1	1	0
10	134647543	134663219	0	0	0
10	134663719	134723657	0	0	0
10	134724157	134754583	0	0	0
10	134754997	134886682	0	0	0
10	134887182	135032465	0	0	0
10	135032466	135053222	0	0	0
10	135053283	135087051	0	0	0
10	135087113	135439458	0	0	0
10	135439752	135524247	0	0	0
11	60500	373870	1	1	0
11	374370	427411	0	0	0
11	427911	536935	0	0	0
11	537435	616052	0	0	0
11	616548	786558	1	1	0
11	787058	801104	0	0	0
11	801105	1011801	0	0	0
11	1011805	1094885	0	0	0
11	1095089	1104448	0	0	0
11	1104948	1278571	0	0	0
11	1278707	1577372	0	0	0
11	1579115	1628268	0	0	0
11	1628768	2426898	1	1	0
11	2427213	2442592	0	0	0
11	2443404	3010502	1	1	0
11	3012191	3036478	0	0	0
11	3036978	3150599	1	1	0
11	3151099	3271759	0	0	0
11	3271759	9458038	2	2	0
11	9459336	9466649	0	0	0
11	9467766	18420570	2	2	0
11	18421070	18451449	0	0	0
11	18451949	26742420	2	2	0
11	26742920	26798284	5		
11	26798284	27405312	2	2	0
11	27405812	27515601	5	5	0
11	27517550	31822443	2	2	0
11	31822480	31830898	5	5	0
11	31831398	33768898	2	2	0
11	33770293	33789814	5	5	0
11	33790314	35278483	2	2	0
11	35278487	35327742	4	4	0
11	35327743	35551818	3	2	1
11	35552318	35828657	4	4	0
11	35828659	46053298	2	2	0
11	46053298	46229575	5	5	0
11	46229575	46383187	2	2	0
11	46383191	46397275	0	0	0
11	46397466	51574464	2	2	0
11	54694705	54899075	0	0	0
11	54899075	55302868	2	2	0
11	55302868	55433667	4	4	0
11	55434167	58338229	2	2	0
11	58338260	58379851	5	5	0
11	58380131	62289877	2	2	0
11	62290049	62298051	0	0	0
11	62298090	64110764	2	2	0
11	64110767	64132984	0	0	0
11	64133484	85583673	2	2	0
11	85584845	85622451	4	4	0
11	85623695	89182087	2	2	0
11	89182587	89352863	5	4	1
11	89352863	89449203	2	2	0
11	89450464	89582488	5	5	0
11	89583468	89650895	1	1	0
11	89651395	89720115	5	5	0
11	89721882	89770464	1	1	0
11	89770907	89820116	0	0	0
11	89820220	89885741	3	2	1
11	89891259	89949863	5	5	0
11	89951306	95555248	2	2	0
11	95555264	95595317	4		
11	95595380	100903412	2	2	0
11	100903412	100922310	5	5	0
11	100922810	104914378	2	2	0
11	104915165	105010382	5	5	0
11	105010403	111168291	2	2	0
11	111168291	111223325	4	3	1
11	111223824	123867400	2	2	0
11	123867400	123901262	0	0	0
11	123901762	128329951	2	2	0
11	128330020	128425627	4	4	0
11	128426127	134946016	2	2	0
12	60500	95239	6	6	0
12	146239	8347432	2	2	0
12	8347707	8388096	5	5	0
12	8388596	9573297	2	2	0
12	9573932	9581803	0	0	0
12	9582053	9590202	1	1	0
12	9590543	9663782	5	5	0
12	9664282	9711918	16	16	0
12	9716711	9781269	3	3	0
12	9781269	11305359	3	3	0
12	11305359	11420230	2	2	0
12	11420256	11421096	1	1	0
12	11421412	11441739	0	0	0
12	11441739	11639483	0	0	0
12	11639483	11693781	3	3	0
12	11693781	11729979	2	2	0
12	11729979	11904032	4	4	0
12	11904289	21624118	2	2	0
12	21624354	21678665	4	4	0
12	21679165	22408430	3	3	0
12	22408930	22487609	4	3	1
12	22489043	25342987	2	2	0
12	25343487	25378769	5	5	0
12	25380154	26709274	3	3	0
12	26709277	26775354	4	3	1
12	26777176	26816036	2	2	0
12	26816536	26942534	0	0	0
12	26943034	29617738	2	2	0
12	29618022	29627411	0	0	0
12	29627911	30802321	3	3	0
12	30805059	30827042	4	4	0
12	30827552	31236822	3	3	0
12	31236875	31252959	0	0	0
12	31253459	31279490	1	1	0
12	31280485	31302356	4	4	0
12	31303054	34510581	1	1	0
12	34510581	34856194	0	0	0
12	37857194	37947814	0	0	0
12	37947814	38183427	0	0	0
12	38201551	39071353	2	2	0
12	39071853	39123505	5	5	0
12	39124005	40677930	2	2	0
12	40681154	40748265	4	4	0
12	40749839	40760925	5	5	0
12	40763637	40815759	0	0	0
12	40815885	40867104	1	1	0
12	40868487	40892837	0	0	0
12	40893169	54389388	2	2	0
12	54389888	54427884	5	5	0
12	54428071	54964126	3	3	0
12	54964626	54977109	5	5	0
12	54978023	57921164	2	2	0
12	57921214	57923970	4		
12	57923971	57995464	2	2	0
12	57995476	58003923	5	5	0
12	58003935	59281695	2	2	0
12	59282069	59515350	4	4	0
12	59515350	62696727	2	2	0
12	62698370	62799898	5	5	0
12	62800398	62972332	2	2	0
12	62972832	63017683	4	4	0
12	63017683	72021716	2	2	0
12	72022599	72057572	5	5	0
12	72057576	79405561	2	2	0
12	79405561	79554389	0	0	0
12	79554389	80186910	2	2	0
12	80187410	80226279	4	4	0
12	80226779	85413522	2	2	0
12	85417038	85459178	4	4	0
12	85460510	88514945	2	2	0
12	88519013	88612654	4	4	0
12	88612654	89819175	3	3	0
12	89819675	89916304	5	5	0
12	89916308	90101865	3	3	0
12	90103145	90483094	4	4	0
12	90483094	94671731	3	3	0
12	94671829	94725602	5	4	1
12	94727245	104514214	2	2	0
12	104514219	104569330	5		
12	104569330	112915030	2	2	0
12	112915530	112942072	0	0	0
12	112942572	121600136	2	2	0
12	121600144	121622592	0	0	0
12	121622873	123682193	1	1	0
12	123682693	123703008	0	0	0
12	123703508	124207940	1	1	0
12	124208276	124229526	0	0	0
12	124230026	124813715	1	1	0
12	124814215	124831539	0	0	0
12	124832366	130912255	1	1	0
12	130912755	130929135	0	0	0
12	130929635	132399028	1	1	0
12	132399050	132425284	0	0	0
12	132425784	132599223	1	1	0
12	132599723	132627455	0	0	0
12	132629226	132811614	1	1	0
12	132812114	132938864	0	0	0
12	132938864	133305805	0	0	0
12	133306305	133330819	0	0	0
12	133331319	133502243	0	0	0
12	133502283	133578322	0	0	0
12	133578822	133841395	1	1	0
13	19020500	21370396	1	1	0
13	21370959	21395315	5	3	2
13	21395815	21729131	2	2	0
13	21729143	21751514	0	0	0
13	21751519	30784641	2	2	0
13	30785141	30829726	5	5	0
13	30830226	36822171	2	2	0
13	36822671	36854702	4		
13	36855202	37596526	2	2	0
13	37597138	37678017	4	4	0
13	37678105	55748681	2	2	0
13	55749181	56003993	0	0	0
13	56003993	56368012	1		
13	56368012	56641025	0	0	0
13	56641025	57569272	0	0	0
13	57569272	57858102	0	0	0
13	57858102	60485275	2	2	0
13	60485775	60545134	6	6	0
13	60545138	67970825	1	1	0
13	67970825	68301284	0	0	0
13	68301284	68796659	1	1	0
13	68796659	69362145	0	0	0
13	69362145	77691874	2	2	0
13	77692374	77714370	4	4	0
13	77714908	86759824	2	2	0
13	86910824	87045894	1	1	0
13	87046394	87283867	0	0	0
13	87283867	88289210	1	1	0
13	88289210	88368818	4	2	2
13	88368818	89480077	2	2	0
13	89480077	89862641	0	0	0
13	89862641	90299857	1	1	0
13	90299857	90445596	0	0	0
13	90445596	102520525	2	2	0
13	102521025	102659191	4	4	0
13	102659191	108922873	2	2	0
13	108923373	109032522	5	5	0
13	109032522	111552321	2	2	0
13	111552821	111586397	5	4	1
13	111586397	113514654	1	1	0
13	113514655	113539963	0	0	0
13	113539963	113678290	0	0	0
13	113678790	113733083	0	0	0
13	113733583	114287474	1	1	0
13	114287509	114292123	0	0	0
13	114294335	114523649	0	0	0
13	114523653	114536034	0	0	0
13	114537363	114781773	1	1	0
13	114782701	114795382	0	0	0
13	114795882	115109378	1	1	0
14	19000500	19306048	3	3	0
14	19306048	19558890	5	5	0
14	19558931	19574311	9	9	0
14	19574811	20014731	6	6	0
14	20014772	20146305	9	9	0
14	20146805	20443204	5	5	0
14	20443704	22476399	2	2	0
14	22476899	22554634	4	3	1
14	22554638	22714375	3	2	1
14	22714375	23008118	5	5	0
14	23008126	23532311	3	3	0
14	23532613	23550059	4	4	0
14	23550876	31371214	2	2	0
14	31371714	31387655	4	4	0
14	31388155	51688439	2	2	0
14	51688439	51830397	5	5	0
14	51830397	60444856	2	2	0
14	60445356	60485204	4	4	0
14	60485825	69176509	2	2	0
14	69176509	69263026	5	5	0
14	69263526	73974971	2	2	0
14	73975959	73980910	1		
14	73981410	74039650	0	0	0
14	74040150	74060771	0	0	0
14	74061845	75513996	2	2	0
14	75513996	75548977	4	4	0
14	75548982	81662650	2	2	0
14	81663724	81734867	0	0	0
14	81735367	92185879	2	2	0
14	92186379	92333911	4	4	0
14	92335797	95574905	2	2	0
14	95575405	95657093	5	5	0
14	95657098	95932607	2	2	0
14	95933888	95984225	5	5	0
14	95984725	101429562	2	2	0
14	101431069	101449295	0	0	0
14	101449299	103389090	1	1	0
14	103390059	103438372	0	0	0
14	103438461	104492125	1	1	0
14	104492299	104646748	0	0	0
14	104646752	105334963	1	1	0
14	105335463	105390619	0	0	0
14	105391119	105404174	0	0	0
14	105404175	105417956	0	0	0
14	105418030	105606822	1	1	0
14	105607322	105623408	0	0	0
14	105623908	105688372	0	0	0
14	105688377	105714205	0	0	0
14	105715747	105845469	1	1	0
14	105845969	105856436	0	0	0
14	105857471	105911196	1	1	0
14	105911696	105931669	0	0	0
14	105932575	105958694	1	1	0
14	105958897	105996590	0	0	0
14	105997090	106054770	0	0	0
14	106055270	106068019	5	5	0
14	106068519	106110482	12	12	0
14	106110844	106173849	5	5	0
14	106174086	106208760	2	2	0
14	106209240	106311988	0	0	0
14	106312488	106361507	0	0	0
14	106362007	106380190	0	0	0
14	106380690	106725404	1	1	0
14	106725547	106940397	0	0	0
14	106940402	107289040	0	0	0
15	20000500	20482100	0	0	0
15	20482600	20776801	1	1	0
15	20776974	21037643	0	0	0
15	21038763	21058790	0	0	0
15	21059290	21066510	0	0	0
15	21066718	21323736	0	0	0
15	21324236	22081801	0	0	0
15	22082301	22198496	2	2	0
15	22207140	22333084	5	5	0
15	22333584	22439704	2	2	0
15	22440204	22744399	5	5	0
15	22744792	22935258	1	1	0
15	22935758	22990234	0	0	0
15	22990238	23034434	0	0	0
15	23034934	23060858	0	0	0
15	23060862	23295287	2	2	0
15	23295787	23326599	0	0	0
15	23327219	25298944	1	1	0
15	25299444	25326631	0	0	0
15	25327680	25423252	1	1	0
15	25423752	25523685	0	0	0
15	25524185	29345544	1	1	0
15	29346044	29386566	0	0	0
15	29387066	30376178	2	2	0
15	30376900	30434225	5	5	0
15	30434448	30444208	4	4	0
15	30444708	30659749	0	0	0
15	30660249	30669345	1	1	0
15	30669845	30738857	5	5	0
15	30738857	30827861	1	1	0
15	30827861	30861699	0	0	0
15	30862199	31047618	3	3	0
15	31048118	31119347	0	0	0
15	31119847	32570814	1	1	0
15	32570814	32738818	6	6	0
15	32739086	32747365	3	3	0
15	32747436	32886676	4	4	0
15	32887405	34673850	2	2	0
15	34673920	34681942	0	0	0
15	34682442	34820327	0	0	0
15	34820379	34827477	0	0	0
15	34827977	35174212	2	2	0
15	35174712	35186001	5	5	0
15	35189053	37329175	2	2	0
15	37329675	37476219	5	5	0
15	37476219	38762663	3	3	0
15	38766397	38791401	4	4	0
15	38792292	40951055	2	2	0
15	40951555	40997847	0	0	0
15	40998347	42602733	2	2	0
15	42602743	42619662	5	5	0
15	42621458	45775412	2	2	0
15	45775415	45838682	0	0	0
15	45839182	48566860	2	2	0
15	48567360	48595065	3	3	0
15	48595083	49255530	3	3	0
15	49255533	49291453	4	3	1
15	49291953	52638882	2	2	0
15	52640755	52661787	5	3	2
15	52662287	58932463	2	2	0
15	58932963	58978813	5		
15	58979313	59934526	2	2	0
15	59935026	59954485	5	5	0
15	59954488	62228971	2	2	0
15	62229471	62273658	4	4	0
15	62274589	70969020	2	2	0
15	70969348	70986836	4	4	0
15	70987336	74366572	2	2	0
15	74366863	74371064	0	0	0
15	74371564	75974199	2	2	0
15	75974699	75981192	0	0	0
15	75981197	82608793	2	2	0
15	82609293	82699998	5	5	0
15	82700498	82738896	3		
15	82739396	82786995	5		
15	82786995	82932562	2	2	0
15	82932778	83004587	5	5	0
15	83004637	83105191	3	3	0
15	83105691	83188110	5		
15	83188610	84865181	1	1	0
15	84865681	84917208	0	0	0
15	84917708	84960928	1	1	0
15	84961428	85055198	5	5	0
15	85055212	90951696	2	2	0
15	90951696	90977047	5	5	0
15	90977547	102479356	2	2	0
15	102479356	102519089	0	0	0
16	60500	68100	5	5	0
16	68652	166712	1	1	0
16	167212	187582	0	0	0
16	188082	426896	0	0	0
16	427031	455688	0	0	0
16	456171	583390	0	0	0
16	583890	621810	0	0	0
16	622310	682764	0	0	0
16	683704	722604	0	0	0
16	722609	781044	0	0	0
16	781493	929064	0	0	0
16	929564	1095439	2	2	0
16	1095439	1268127	0	0	0
16	1268191	1387983	1	1	0
16	1388483	1412396	0	0	0
16	1412400	1463367	0	0	0
16	1463867	1556417	0	0	0
16	1556878	1695587	1	1	0
16	1696930	1716284	0	0	0
16	1716369	1809102	1	1	0
16	1809902	1867326	0	0	0
16	1867826	2011872	1	1	0
16	2011917	2021523	0	0	0
16	2022023	2048298	2	1	1
16	2048303	2078973	0	0	0
16	2079473	2110805	0	0	0
16	2111817	2136928	0	0	0
16	2137837	2144286	0	0	0
16	2144786	2204177	0	0	0
16	2204881	2278325	0	0	0
16	2278329	2290105	0	0	0
16	2290605	2548362	0	0	0
16	2549265	2555745	0	0	0
16	2556245	2606788	1	1	0
16	2607288	2631372	0	0	0
16	2631528	2848047	1	1	0
16	2848547	2867937	0	0	0
16	2868671	2946923	1	1	0
16	2947423	2990022	0	0	0
16	2990025	10854600	1	1	0
16	10855100	10911312	0	0	0
16	10911812	15021767	2	2	0
16	15022267	15035109	5	5	0
16	15035609	15095644	2	2	0
16	15095647	15109390	5	5	0
16	15109890	16422659	2	2	0
16	16422778	16430818	6	6	0
16	16431318	16444436	1		
16	16445310	16467765	0	0	0
16	16468265	18431355	2	2	0
16	18431855	18439899	1	1	0
16	18441150	18473947	2	2	0
16	18474213	18499712	0	0	0
16	18500212	19474754	2	2	0
16	19475021	19508521	0	0	0
16	19509199	21393758	2	2	0
16	21394258	21517466	0	0	0
16	21517966	21561721	0	0	0
16	21562221	21629376	0	0	0
16	21629876	22472251	1	1	0
16	22472751	22567594	0	0	0
16	22568094	22597839	0	0	0
16	22598339	22770576	0	0	0
16	22770576	27772983	2	2	0
16	27773483	27791666	0	0	0
16	27792166	28596483	2	2	0
16	28596688	28603834	0	0	0
16	28604603	29438557	1	1	0
16	29439606	29474886	5	5	0
16	29475400	30284496	1	1	0
16	30284659	30315903	4	4	0
16	30316403	31987638	1	1	0
16	31987784	32649886	0	0	0
16	32649886	32772291	2		
16	32772791	33105820	0	0	0
16	33106320	33379457	2	2	0
16	33379957	33630522	0	0	0
16	33631022	33730791	0	0	0
16	33731291	34190117	0	0	0
16	34190117	35285301	1	1	0
16	46420977	50368876	2	2	0
16	50369376	50402122	5	5	0
16	50402127	55423942	2	2	0
16	55424442	55522797	4	4	0
16	55523521	56465926	3	3	0
16	56465926	56488813	4	4	0
16	56489313	69973344	1	1	0
16	69973688	69996719	0	0	0
16	69996774	70207670	1	1	0
16	70208170	70237493	0	0	0
16	70237993	74419692	1	1	0
16	74420192	74446273	0	0	0
16	74446720	75257479	2	2	0
16	75257937	75276585	0	0	0
16	75276748	79629141	1	1	0
16	79629141	79689462	5	5	0
16	79689462	88785306	1	1	0
16	88785377	88850645	0	0	0
16	88852107	88945935	0	0	0
16	88947025	89006629	0	0	0
16	89006633	89249422	1	1	0
16	89249922	89341666	0	0	0
16	89342166	89793768	1	1	0
16	89794268	89824436	0	0	0
16	89824936	89913576	0	0	0
16	89914076	89929211	0	0	0
16	89929711	90001228	1	1	0
16	90001276	90020642	0	0	0
16	90020710	90229354	1	1	0
16	90229854	90294253	4	4	0
17	500	9497697	1	1	0
17	9498197	9503512	0	0	0
17	9504012	16638116	1	1	0
17	16638184	16735654	5	5	0
17	16736154	18353000	1	1	0
17	18353500	18386571	0	0	0
17	18387071	18486109	0	0	0
17	18486721	18490568	10		
17	18491068	18497449	2		
17	18497949	18539299	4	4	0
17	18539799	20268511	1	1	0
17	20268579	20358196	4	4	0
17	20358696	21543903	1	1	0
17	21544403	21731670	0	0	0
17	21732170	22244156	2	2	0
17	25263506	30189027	2	2	0
17	30189366	30211605	0	0	0
17	30213041	38246684	2	2	0
17	38246688	38255715	4	3	1
17	38256215	39315384	2	2	0
17	39315884	39364952	0	0	0
17	39364952	43221578	2	2	0
17	43222078	43229439	5	5	0
17	43229939	43622347	2	2	0
17	43622847	43664280	4	4	0
17	43664780	44127347	2	2	0
17	44127847	44383709	5	5	0
17	44389152	45389170	2	2	0
17	45389670	45452362	5	5	0
17	45455093	46622287	2	2	0
17	46622324	46667692	5	5	0
17	46668595	46685370	2	2	0
17	46685870	46710099	6	6	0
17	46710599	61950639	2	2	0
17	61950689	61988696	0	0	0
17	61989196	67085713	2	2	0
17	67087299	67108455	5	5	0
17	67109304	67171140	3	3	0
17	67171457	67189462	5	5	0
17	67189608	67215948	3	3	0
17	67217915	67261048	5	5	0
17	67264036	72347113	2	2	0
17	72348045	72355406	0	0	0
17	72355906	73609431	1	1	0
17	73609432	73613995	0	0	0
17	73614152	76114031	1	1	0
17	76115042	76126304	0	0	0
17	76126804	76445930	1	1	0
17	76446045	76457823	0	0	0
17	76458946	79098842	1	1	0
17	79099059	79173736	0	0	0
17	79173959	79396674	1	1	0
17	79397174	79494872	0	0	0
17	79495496	79662974	0	0	0
17	79663306	79687680	0	0	0
17	79687683	79915938	0	0	0
17	79916168	79990896	0	0	0
17	79991369	80018885	0	0	0
17	80018891	80051668	0	0	0
17	80053106	80320551	1	1	0
17	80320560	80369444	0	0	0
17	80369944	81194710	1	1	0
18	10500	2585239	2	2	0
18	2585739	2598531	5	5	0
18	2599031	2729395	2	2	0
18	2729895	2750187	5		
18	2750318	3252368	2	2	0
18	3253156	3316186	4	4	0
18	3316186	9137857	2	2	0
18	9138357	9263273	5	5	0
18	9263773	14688059	2	2	0
18	14688059	14748549	1	1	0
18	14752619	14763991	0	0	0
18	14764491	14777425	2	2	0
18	14779916	15005666	2	2	0
18	15005836	15115972	0	0	0
18	15115972	15330229	1	1	0
18	15330729	15410398	0	0	0
18	18511398	19377535	1	1	0
18	19378035	19423198	4	4	0
18	19424029	23597079	2	2	0
18	23597594	23619461	5	5	0
18	23619961	24081256	2	2	0
18	24081756	24208533	5	5	0
18	24209033	26972178	2	2	0
18	26972178	27189660	0	0	0
18	27189660	29470871	2	2	0
18	29471371	29492829	5	4	1
18	29493329	30563096	2	2	0
18	30563114	30716196	4	4	0
18	30716696	47351304	2	2	0
18	47352771	47373459	0	0	0
18	47373471	52546725	2	2	0
18	52547225	52575097	5	5	0
18	52575098	52946152	3	3	0
18	52946652	53070921	4	2	2
18	53070937	62455789	2	2	0
18	62455789	62655281	0	0	0
18	62655281	64217812	2	2	0
18	64218312	64363503	0	0	0
18	64363503	66341949	2	2	0
18	66342293	66351775	4	4	0
18	66352275	69027866	2	2	0
18	69027866	69246121	0	0	0
18	69246121	77132901	1	1	0
18	77133920	77208687	0	0	0
18	77208710	78016748	1	1	0
19	60571	107556	0	0	0
19	108056	305081	1	1	0
19	305581	328028	0	0	0
19	328528	608195	1	1	0
19	608695	647853	0	0	0
19	647866	863325	0	0	0
19	863825	885011	0	0	0
19	885692	971330	1	1	0
19	971830	1010339	0	0	0
19	1011074	1051148	1	1	0
19	1051150	1088766	0	0	0
19	1089450	1389143	0	0	0
19	1389312	1399950	0	0	0
19	1402143	1435249	0	0	0
19	1435252	1507738	0	0	0
19	1507908	2110922	1	1	0
19	2111226	2129175	0	0	0
19	2129319	2233591	0	0	0
19	2233693	2253748	0	0	0
19	2254139	2324290	2	1	1
19	2324790	2344097	0	0	0
19	2344333	2769138	1	1	0
19	2769638	2827724	0	0	0
19	2828224	3110371	1	1	0
19	3110871	3124039	0	0	0
19	3124539	3185998	0	0	0
19	3186008	3204269	0	0	0
19	3204537	3456681	2	2	0
19	3456789	3475072	5	4	1
19	3475572	3500011	1	1	0
19	3500511	3530866	0	0	0
19	3531543	3546588	0	0	0
19	3547239	3575525	0	0	0
19	3575536	3784911	1	1	0
19	3784978	3818925	0	0	0
19	3818947	3909608	1	1	0
19	3910771	3925248	0	0	0
19	3925250	4298447	1	1	0
19	4298947	4323640	0	0	0
19	4323657	4501366	1	1	0
19	4501909	4517788	0	0	0
19	4518288	4929364	1	1	0
19	4929365	4950897	0	0	0
19	4950932	5649531	1	1	0
19	5649835	5667841	0	0	0
19	5667846	5700308	0	0	0
19	5700808	5736597	0	0	0
19	5737097	7011937	1	1	0
19	7011942	7068945	6	6	0
19	7069445	7600147	2	2	0
19	7600319	7614325	0	0	0
19	7614825	8539148	1	1	0
19	8539648	8551012	0	0	0
19	8551015	8958922	1	1	0
19	8959422	8976387	0	0	0
19	8976587	10266678	1	1	0
19	10267008	10283062	0	0	0
19	10283562	10394784	0	0	0
19	10394785	10404864	0	0	0
19	10404867	11096052	1	1	0
19	11096054	11120422	0	0	0
19	11120922	12125567	1	1	0
19	12125607	12146630	0	0	0
19	12147130	12187388	1	1	0
19	12187481	12255298	0	0	0
19	12255798	12384216	0	0	0
19	12384391	12462170	0	0	0
19	12462721	14023265	1	1	0
19	14023268	14033517	0	0	0
19	14034017	14581063	1	1	0
19	14581068	14593639	0	0	0
19	14593644	14938471	1	1	0
19	14938503	14974766	0	0	0
19	14974831	15663052	1	1	0
19	15663054	15738641	0	0	0
19	15739141	19010807	1	1	0
19	19011074	19016491	0	0	0
19	19016570	19642873	1	1	0
19	19643373	19679761	0	0	0
19	19680261	24489879	1	1	0
19	24489879	24631282	0	0	0
19	27732282	33098091	1	1	0
19	33098591	33110287	0	0	0
19	33110292	33133245	1	1	0
19	33134010	33264304	0	0	0
19	33264316	33312250	0	0	0
19	33312750	33358848	0	0	0
19	33359348	33581161	1	1	0
19	33581661	33604793	0	0	0
19	33605064	33620447	0	0	0
19	33620947	33665262	0	0	0
19	33666248	34920127	1	1	0
19	34921399	34954438	0	0	0
19	34954938	37213541	1	1	0
19	37214041	37253671	0	0	0
19	37254171	38023455	1	1	0
19	38024250	38055610	0	0	0
19	38055737	39401769	1	1	0
19	39401983	39416997	0	0	0
19	39417497	39692553	1	1	0
19	39693416	39760722	0	0	0
19	39760739	40395214	1	1	0
19	40395714	40432287	0	0	0
19	40432787	41523638	2	2	0
19	41524030	41533579	0	0	0
19	41534079	42546952	1	1	0
19	42547452	42570039	0	0	0
19	42570539	50454537	1	1	0
19	50455037	50474605	0	0	0
19	50474970	50578458	1	1	0
19	50578958	50617114	9	9	0
19	50617114	50901479	2	2	0
19	50901979	50917064	0	0	0
19	50917067	50957662	1	1	0
19	50958393	50978127	0	0	0
19	50978627	51022429	1	1	0
19	51022432	51107580	0	0	0
19	51107580	51216587	1	1	0
19	51217087	51273301	0	0	0
19	51273801	52131219	1	1	0
19	52131224	52196507	0	0	0
19	52196511	52777845	2	2	0
19	52778789	52816411	0	0	0
19	52816911	53300765	0	0	0
19	53301587	53344540	0	0	0
19	53344630	53854535	1	1	0
19	53854607	53879519	0	0	0
19	53880226	53913776	0	0	0
19	53914276	53960043	0	0	0
19	53960543	54025319	1	1	0
19	54025811	54066458	0	0	0
19	54066958	54178975	1	1	0
19	54179475	54296609	0	0	0
19	54297109	54721045	1	1	0
19	54721167	54754732	0	0	0
19	54754803	54782393	0	0	0
19	54782754	54822738	0	0	0
19	54822780	55045273	1	1	0
19	55045283	55087590	0	0	0
19	55088874	55145926	0	0	0
19	55146102	55175753	0	0	0
19	55175852	55246174	1	1	0
19	55246674	55258974	0	0	0
19	55260300	55308869	2	2	0
19	55309369	55325955	0	0	0
19	55329837	55346508	0	0	0
19	55347008	55363620	0	0	0
19	55363772	55445040	0	0	0
19	55445044	55501729	0	0	0
19	55501832	55872626	1	1	0
19	55872694	55889517	0	0	0
19	55889518	56300331	1	1	0
19	56300480	56329662	0	0	0
19	56330162	56382388	0	0	0
19	56382407	56422060	0	0	0
19	56423054	56487024	0	0	0
19	56487524	56544103	0	0	0
19	56544944	57802764	1	1	0
19	57802769	57839985	0	0	0
19	57840120	58355624	1	1	0
19	58355820	58383966	0	0	0
19	58384127	59093745	1	1	0
19	59093953	59118483	5	5	0
20	60500	2596112	2	2	0
20	2596612	2634247	0	0	0
20	2634855	4151856	1	1	0
20	4152356	4166816	0	0	0
20	4167316	8535266	2	2	0
20	8535266	8678568	0	0	0
20	8679068	8703156	3	3	0
20	8705260	8722289	4	4	0
20	8722789	23804840	2	2	0
20	23805860	23965263	0	0	0
20	23965763	24082263	1	1	0
20	24082263	24357562	0	0	0
20	24357562	25405242	1	1	0
20	25405742	25442338	0	0	0
20	25443052	26319069	1	1	0
20	29420069	33439344	2	2	0
20	33439757	33463015	4	3	1
20	33464173	44512958	2	2	0
20	44513619	44520217	0	0	0
20	44520257	45817504	2	2	0
20	45818004	45856241	0	0	0
20	45856741	49520741	2	2	0
20	49521241	49550878	6	6	0
20	49551654	50700146	1	1	0
20	50700646	50715174	0	0	0
20	50715674	51590069	1	1	0
20	51590569	51783738	5		
20	51783738	56234838	2	2	0
20	56235338	56285701	5	5	0
20	56286327	60868181	2	2	0
20	60868681	60937710	0	0	0
20	60938210	61001976	1	1	0
20	61002476	61144114	0	0	0
20	61144886	61455190	1	1	0
20	61455690	61477398	0	0	0
20	61477898	61907562	1	1	0
20	61907799	61917607	0	0	0
20	61917653	61941419	0	0	0
20	61941511	61959808	0	0	0
20	61960813	62021516	1	1	0
20	62021516	62046569	0	0	0
20	62047069	62175695	1	1	0
20	62176195	62221093	0	0	0
20	62221094	62316955	0	0	0
20	62317058	62374480	0	0	0
20	62374485	62701389	1	1	0
20	62701536	62708064	0	0	0
20	62708231	62965020	1	1	0
21	9411693	9873494	3	3	0
21	9873994	9966427	0	0	0
21	9966927	10569098	1	1	0
21	10569098	10884986	0	0	0
21	10884986	30439254	2	2	0
21	30439341	30456846	4	4	0
21	30457346	37772040	2	2	0
21	37772540	37787725	0	0	0
21	37787955	44451971	1	1	0
21	44452243	44479456	0	0	0
21	44480450	44513377	1	1	0
21	44514635	44579256	0	0	0
21	44579258	44739677	1	1	0
21	44739677	44838474	6	6	0
21	44838761	45671195	1	1	0
21	45671383	45709663	0	0	0
21	45709855	45730995	1	1	0
21	45731919	45751963	0	0	0
21	45752827	45802023	0	0	0
21	45802523	45845715	0	0	0
21	45846458	45948536	1	1	0
21	45949633	46086965	0	0	0
21	46087465	47354703	1	1	0
21	47355203	47409066	0	0	0
21	47409554	47538684	0	0	0
21	47538833	47603345	0	0	0
21	47604233	47754403	1	1	0
21	47754603	47819740	0	0	0
21	47820240	47851333	0	0	0
21	47851340	47860052	0	0	0
21	47860056	48078866	1	1	0
21	48078888	48119395	0	0	0
22	16050500	16119726	5	5	0
22	16119726	16222204	3	3	0
22	16222204	16485643	5	5	0
22	16485643	16909219	2	2	0
22	16909719	17005808	5	5	0
22	17005808	17583177	2	2	0
22	17584323	17592803	0	0	0
22	17592803	18211697	1	1	0
22	18211784	18223066	0	0	0
22	18223566	18653681	1	1	0
22	18654181	18674036	0	0	0
22	18674536	18703153	0	0	0
22	18703153	18724234	0	0	0
22	18724734	18766469	0	0	0
22	18766848	18857916	0	0	0
22	18859166	19338329	1	1	0
22	19338829	19347080	0	0	0
22	19347580	19958846	1	1	0
22	19959393	19967387	0	0	0
22	19967392	20113814	1	1	0
22	20113872	20127386	0	0	0
22	20127536	20302822	1	1	0
22	20302918	20336375	0	0	0
22	20339544	20367294	0	0	0
22	20367584	20508931	0	0	0
22	20610443	20610672	3		
22	20611051	20653775	0	0	0
22	20653787	20691837	0	0	0
22	20692498	20703874	1		
22	20705076	20724467	0	0	0
22	20724471	21244747	1	1	0
22	21245321	21305490	0	0	0
22	21305494	21414121	1	1	0
22	21414621	21524787	0	0	0
22	21524799	21582491	1	1	0
22	21582991	21666116	0	0	0
22	21666453	24236473	1	1	0
22	24236769	24323226	0	0	0
22	24323726	24345851	1	1	0
22	24346351	24397867	6	6	0
22	24398367	38687862	2	2	0
22	38689212	38696837	0	0	0
22	38696842	42482463	1	1	0
22	42482987	42523497	0	0	0
22	42523501	42536432	0	0	0
22	42536586	42540470	0	0	0
22	42540970	42896117	2	2	0
22	42896617	42953775	6	6	0
22	42954275	44358435	1	1	0
22	44358935	44371986	0	0	0
22	44371988	44379892	0	0	0
22	44380392	44435087	2	2	0
22	44435587	46712278	1	1	0
22	46712778	46738609	0	0	0
22	46739109	46765647	0	0	0
22	46765651	46793803	0	0	0
22	46794419	48915774	1	1	0
22	48915774	49073377	0	0	0
22	49073377	50435650	1	1	0
22	50435718	50480249	0	0	0
22	50480749	50608665	0	0	0
22	50609165	50662557	0	0	0
22	50662582	50717470	1	1	0
22	50718047	50749864	0	0	0
22	50750364	50878450	0	0	0
22	50879910	50901948	0	0	0
22	50902772	51065953	1	1	0
22	51065971	51141671	0	0	0
22	51142171	51244066	1	1	0
X	60500	215268	0	0	0
X	215768	307034	0	0	0
X	307405	1477850	1	1	0
X	1478350	1585521	0	0	0
X	1586021	1734285	0	0	0
X	1734785	1816319	0	0	0
X	1816319	3746876	1	1	0
X	3747376	3922833	5	5	0
X	3922833	49174332	2	2	0
X	49174832	49202299	0	0	0
X	49202790	49341676	1	1	0
X	49342176	49356700	0	0	0
X	49357200	53654478	2	2	0
X	53654697	53707190	4	4	0
X	53707690	54576868	2	2	0
X	54577368	54584405	0	0	0
X	54584905	58581512	2	2	0
X	61682512	62893322	1	1	0
X	62893822	62951418	4		
X	62951918	70798448	2	2	0
X	70798948	70830658	0	0	0
X	70831158	85997685	2	2	0
X	85998309	86050065	4		
X	86050065	96194401	2	2	0
X	96196970	96274087	4	4	0
X	96274087	105150547	2	2	0
X	105152042	105178395	4	4	0
X	105179139	105278428	3	3	0
X	105279151	105445732	4	4	0
X	105445737	118752197	2	2	0
X	118752200	118783354	0	0	0
X	118783854	120012057	2	2	0
X	120064046	120140022	5		
X	120140022	134104479	2	2	0
X	134104479	134165708	0	0	0
X	134166208	134327118	2	2	0
X	134327118	134421386	0	0	0
X	134421410	134855008	3	3	0
X	134855343	134977985	0	0	0
X	134979106	140732742	2	2	0
X	140732742	140908203	0	0	0
X	140908203	151999694	2	2	0
X	152000194	152034504	0	0	0
X	152036010	152981200	1	1	0
X	152981700	153047727	0	0	0
X	153048032	153443205	1	1	0
X	153443705	153533778	0	0	0
X	153534278	153779506	1	1	0
X	153780006	153984332	0	0	0
X	153984832	155251508	2	2	0
X	155251603	155260060	4	4	0
Y	2673848	10104053	0	0	0
Y	13105053	13270850	5	5	0
Y	13270850	13500149	9	9	0
Y	13500649	13551426	4	4	0
Y	13551926	59033549	0	0	0
